id,country,name,nameKo,type,lat,lng,address,archiveRecords,collectionItems,source,sourceDate,locationSource,locationMethod
jp-representative,JP,Tokyo National Museum,도쿄국립박물관,museum,35.7190448,139.7759676,"東京国立博物館, 9, 上野公園, 台東区, 東京都, 110-8712, 日本",,,https://www.overseaschf.or.kr/okchf/status/US_CS_FS_viw.do,2026-01-01,https://www.openstreetmap.org/way/33439660,OpenStreetMap named institutional feature; approximate holder location
us-representative,US,Metropolitan Museum of Art,메트로폴리탄미술관,museum,40.7794396,-73.9633825,"The Metropolitan Museum of Art, 1000, 5th Avenue, Upper East Side, Manhattan Community Board 8, Manhattan, New York County, New York, 10075, United States",,,https://www.overseaschf.or.kr/okchf/status/US_CS_FS_viw.do,2026-01-01,https://www.openstreetmap.org/relation/3698894,OpenStreetMap named institutional feature; approximate holder location
de-representative,DE,"Museum of East Asian Art, Cologne",쾰른동아시아미술관,museum,50.9352025,6.9258688,"Museum für Ostasiatische Kunst, 100, Universitätsstraße, Neustadt/Süd, Innenstadt, Köln, Nordrhein-Westfalen, 50674, Deutschland",,,https://www.overseaschf.or.kr/okchf/status/US_CS_FS_viw.do,2026-01-01,https://www.openstreetmap.org/relation/938988,OpenStreetMap named institutional feature; approximate holder location
gb-representative,GB,British Museum,영국박물관,museum,51.5193118,-0.1267051,"British Museum, Great Russell Street, St Giles, Bloomsbury, London Borough of Camden, Greater London, England, WC1B 3DG, United Kingdom",,,https://www.overseaschf.or.kr/okchf/status/US_CS_FS_viw.do,2026-01-01,https://www.openstreetmap.org/relation/177044,OpenStreetMap named institutional feature; approximate holder location
cn-representative,CN,"Palace Museum, Beijing",고궁박물원,museum,39.9174311,116.3907817,"故宫博物院, 4号, 景山前街, 智德社区, 东华门街道, 首都功能核心区, 东城区, 北京市, 100010, 中国",,,https://www.overseaschf.or.kr/okchf/status/US_CS_FS_viw.do,2026-01-01,https://www.openstreetmap.org/node/3884441391,OpenStreetMap named institutional feature; approximate holder location
fr-representative,FR,Musée Guimet,국립기메동양박물관,museum,48.865379,2.2935933,"Musée Guimet, 6, Place d'Iéna, Chaillot, Paris 16e Arrondissement, Paris, Île-de-France, France métropolitaine, 75116, France",,,https://www.overseaschf.or.kr/okchf/status/US_CS_FS_viw.do,2026-01-01,https://www.openstreetmap.org/way/79641993,OpenStreetMap named institutional feature; approximate holder location
ru-representative,RU,State Museum of Oriental Art,국립동양미술관,museum,55.7563931,37.5998947,"Музей искусства народов Востока, Никитский бульвар, 47, Пресненский район, Москва, Центральный федеральный округ, 119019, Россия",,,https://www.overseaschf.or.kr/okchf/status/US_CS_FS_viw.do,2026-01-01,https://www.openstreetmap.org/node/2613597034,OpenStreetMap named institutional feature; approximate holder location
tw-representative,TW,National Palace Museum,국립고궁박물원,museum,25.1015744,121.5488623,"國立故宮博物院, 221, 至善路二段, 臨溪里, 士林區, 石角, 臺北市, 111, 臺灣",,,https://www.overseaschf.or.kr/okchf/status/US_CS_FS_viw.do,2026-01-01,https://www.openstreetmap.org/way/827791918,OpenStreetMap named institutional feature; approximate holder location
se-representative,SE,Museum of Far Eastern Antiquities,동아시아박물관,museum,59.3273849,18.0816743,"Östasiatiska museet, Tyghusplan, Skeppsholmen, Norra innerstadens stadsdelsområde, Stockholm, Stockholms kommun, Stockholms län, 111 49, Sverige",,,https://www.overseaschf.or.kr/okchf/status/US_CS_FS_viw.do,2026-01-01,https://www.openstreetmap.org/node/1476007025,OpenStreetMap named institutional feature; approximate holder location
at-representative,AT,Volkskundemuseum Wien,빈민족학박물관,museum,48.2131498,16.3505518,"Volkskundemuseum, 17, Laudongasse, Buchfeld, Josefstadt, Katastralgemeinde Josefstadt, Josefstadt, Wien, 1080, Österreich",,,https://www.overseaschf.or.kr/okchf/status/US_CS_FS_viw.do,2026-01-01,https://www.openstreetmap.org/node/666750600,OpenStreetMap named institutional feature; approximate holder location
dk-representative,DK,National Museum of Denmark,국립박물관,museum,55.6747103,12.5743545,"Nationalmuseet, Vester Voldgade, Islands Brygge, Indre By, København, Københavns Kommune, Region Hovedstaden, 1555, Danmark",,,https://www.overseaschf.or.kr/okchf/status/US_CS_FS_viw.do,2026-01-01,https://www.openstreetmap.org/relation/1989714,OpenStreetMap named institutional feature; approximate holder location
kz-representative,KZ,National Library of Kazakhstan,카자흐스탄국립도서관,library,43.2414437,76.9437789,"Қазақстан Республикасының Ұлттық Кітапханасы, 14, Абай даңғылы, Көктем, Бостандық ауданы, Алматы, 050021, Қазақстан",,,https://www.overseaschf.or.kr/okchf/status/US_CS_FS_viw.do,2026-01-01,https://www.openstreetmap.org/relation/19950012,OpenStreetMap named institutional feature; approximate holder location
ch-representative,CH,Bern Historical Museum,베른역사박물관,museum,46.9429677,7.4488696,"Bernisches Historisches Museum, 5, Helvetiaplatz, Dalmazi, Kirchenfeld, Stadtteil IV, Bern, Verwaltungskreis Bern-Mittelland, Verwaltungsregion Bern-Mittelland, Bern/Berne, 3005, Schweiz/Suisse/Svizzera/Svizra",,,https://www.overseaschf.or.kr/okchf/status/US_CS_FS_viw.do,2026-01-01,https://www.openstreetmap.org/way/40422946,OpenStreetMap named institutional feature; approximate holder location
au-representative,AU,Art Gallery of New South Wales,뉴사우스웨일즈미술관,museum,-33.8686067,151.2174176,"Art Gallery of New South Wales, Cahill Expressway Offramp, Sydney, New South Wales, 2000, Australia",,,https://www.overseaschf.or.kr/okchf/status/US_CS_FS_viw.do,2026-01-01,https://www.openstreetmap.org/way/1265404795,OpenStreetMap named institutional feature; approximate holder location
be-representative,BE,"Art & History Museum, Brussels",예술역사박물관,museum,50.8393458,4.3920768,"Musée Art & Histoire - Museum Kunst & Geschiedenis, Avenue des Nerviens - Nerviërslaan, Quartier européen - Europese wijk, Bruxelles - Brussel, Brussel-Hoofdstad - Bruxelles-Capitale, Région de Bruxelles-Capitale - Brussels Hoofdstedelijk Gewest, 1000, België / Belgique / Belgien",,,https://www.overseaschf.or.kr/okchf/status/US_CS_FS_viw.do,2026-01-01,https://www.openstreetmap.org/node/251316201,OpenStreetMap named institutional feature; approximate holder location
hu-representative,HU,Hopp Ferenc Museum of Asiatic Arts,호프페렌츠아시아미술관,museum,47.5112766,19.0732811,"Hopp Ferenc Ázsiai Művészeti Múzeum, 103, Andrássy út, Terézváros, VI. kerület, Budapest, 1062, Magyarország",,,https://www.overseaschf.or.kr/okchf/status/US_CS_FS_viw.do,2026-01-01,https://www.openstreetmap.org/way/25291179,OpenStreetMap named institutional feature; approximate holder location
pl-representative,PL,National Museum in Warsaw,바르샤바국립박물관,museum,52.2316938,21.0247708,"Muzeum Narodowe w Warszawie, 3, Aleje Jerozolimskie, Powiśle-Solec, Śródmieście Południowe, Śródmieście, Warszawa, województwo mazowieckie, 00-495, Polska",,,https://www.overseaschf.or.kr/okchf/status/US_CS_FS_viw.do,2026-01-01,https://www.openstreetmap.org/node/9984134345,OpenStreetMap named institutional feature; approximate holder location
va-representative,VA,Vatican Museums · Anima Mundi,아니마문디민족학박물관,museum,41.904961,12.4546617,"Musei Vaticani, Rampa dell'Archeologia, Civitas Vaticana - Città del Vaticano, 00120, Civitas Vaticana - Città del Vaticano",,,https://www.overseaschf.or.kr/okchf/status/US_CS_FS_viw.do,2026-01-01,https://www.openstreetmap.org/way/255959482,OpenStreetMap named institutional feature; approximate holder location
es-representative,ES,"Museum of Ethnology and World Cultures, Barcelona",민족학세계문화박물관,museum,41.3687661,2.1563362,"Museu Etnològic, Passeig de Santa Madrona, França Xica, el Poble-sec, Sants-Montjuïc, Barcelona, Barcelonès, Barcelona, Catalunya, 08004, España",,,https://www.overseaschf.or.kr/okchf/status/US_CS_FS_viw.do,2026-01-01,https://www.openstreetmap.org/way/118709755,OpenStreetMap named institutional feature; approximate holder location
no-representative,NO,"National Museum, Oslo",국립박물관,museum,59.9116278,10.728425,"Nasjonalmuseet, Operatunnelen / Festningstunnelen, Akershus festning, Frogner, Oslo, 0037, Norge",,,https://www.overseaschf.or.kr/okchf/status/US_CS_FS_viw.do,2026-01-01,https://www.openstreetmap.org/relation/13920125,OpenStreetMap named institutional feature; approximate holder location
it-representative,IT,"Museum of Civilizations, Rome",문명박물관,museum,41.8325467,12.4718151,"Museo delle Civiltà, 14, Piazza Guglielmo Marconi, E.U.R., Municipio Roma IX, Roma, Roma Capitale, Lazio, 00144, Italia",,,https://www.overseaschf.or.kr/okchf/status/US_CS_FS_viw.do,2026-01-01,https://www.openstreetmap.org/node/10937793525,OpenStreetMap named institutional feature; approximate holder location
nz-representative,NZ,Canterbury Museum,켄터베리박물관,museum,-43.530943,172.6270728,"Canterbury Museum, Rolleston Avenue, Christchurch Central, Christchurch, Christchurch City, Canterbury, 8013, New Zealand / Aotearoa",,,https://www.overseaschf.or.kr/okchf/status/US_CS_FS_viw.do,2026-01-01,https://www.openstreetmap.org/way/23504437,OpenStreetMap named institutional feature; approximate holder location
gr-representative,GR,"Museum of Asian Art, Corfu",코르푸아시아미술관,museum,39.6257762,19.9247816,"Μουσείο Ασιατικής Τέχνης, Πλατεία Ανακτόρων, Αγ. Αποστόλοι, Καμπιέλο, Παλιά Πόλη Κέρκυρας, Κέρκυρα, Δήμος Κεντρικής Κέρκυρας και Διαποντίων Νήσων, Περιφερειακή Ενότητα Κέρκυρας, Περιφέρεια Ιονίων Νήσων, Αποκεντρωμένη Διοίκηση Πελοποννήσου, Δυτικής Ελλάδας και Ιονίου, 491 00, Ελλάς",,,https://www.overseaschf.or.kr/okchf/status/US_CS_FS_viw.do,2026-01-01,https://www.openstreetmap.org/way/345780778,OpenStreetMap named institutional feature; approximate holder location
cz-representative,CZ,Náprstek Museum,나프르스텍박물관,museum,50.0840937,14.4159695,"Náprstkovo muzeum, 269/1, Betlémské náměstí, Staré Město, obvod Praha 1, Praha, 110 00, Česko",,,https://www.overseaschf.or.kr/okchf/status/US_CS_FS_viw.do,2026-01-01,https://www.openstreetmap.org/node/344975004,OpenStreetMap named institutional feature; approximate holder location
si-representative,SI,Regional Museum of Celje,첼레시립박물관,museum,46.2276849,15.2618902,"Pokrajinski muzej Celje, 1, Muzejski trg, Center, Celje, 3000, Slovenija",,,https://www.overseaschf.or.kr/okchf/status/US_CS_FS_viw.do,2026-01-01,https://www.openstreetmap.org/node/4185674609,OpenStreetMap named institutional feature; approximate holder location
sg-representative,SG,NUS Museum,싱가포르국립대학교박물관,museum,1.3014454,103.7725633,"NUS Museum, 50, Kent Ridge Crescent, National University of Singapore, one-north, Queenstown, Central Region, Singapore, 119279, Singapore",,,https://www.overseaschf.or.kr/okchf/status/US_CS_FS_viw.do,2026-01-01,https://www.openstreetmap.org/node/6807575789,OpenStreetMap named institutional feature; approximate holder location
il-representative,IL,Israel Museum,이스라엘국립박물관,museum,31.771888,35.2033867,"מוזיאון ישראל, 11, נחמן אביגד, ירושלים, ניות, ירושלים | القدس, נפת ירושלים, מחוז ירושלים, 9218812, ישראל",,,https://www.overseaschf.or.kr/okchf/status/US_CS_FS_viw.do,2026-01-01,https://www.openstreetmap.org/way/44307909,OpenStreetMap named institutional feature; approximate holder location
NLD007,NL,"National Museum of World Cultures, Leiden",국립민족학박물관,museum,52.1633137,4.4824444,"Wereldmuseum Leiden, 1, Steenstraat, Oude Morsch, Binnenstad, Leiden, Zuid-Holland, Nederland, 2312 BS, Nederland",721,,https://www.overseaschf.or.kr/archive/search/category.do?mode=list&cateType=INSTITUTION&cateId=NLD007&pagerLimit=10,2026-10-08,https://www.openstreetmap.org/node/12120355366,OpenStreetMap named institutional feature; approximate holder location
USA147,US,Newark Museum of Art,뉴어크박물관,museum,40.7431635,-74.1717646,"Newark Museum, 49, Washington Street, The Ironbound, Newark, Essex County, New Jersey, 07102, United States",486,,https://www.overseaschf.or.kr/archive/search/category.do?mode=list&cateType=INSTITUTION&cateId=USA147&pagerLimit=10,2026-10-08,https://www.openstreetmap.org/way/259617388,OpenStreetMap named institutional feature; approximate holder location
USA044,US,University of Michigan Museum of Art,미시간대학교미술관,museum,42.2755914,-83.7398377,"University of Michigan Museum of Art, 525, South State Street, Germantown, Ann Arbor, Washtenaw County, Michigan, 48109, United States",404,,https://www.overseaschf.or.kr/archive/search/category.do?mode=list&cateType=INSTITUTION&cateId=USA044&pagerLimit=10,2026-10-08,https://www.openstreetmap.org/way/154202613,OpenStreetMap named institutional feature; approximate holder location
USA049,US,"Fleming Museum of Art, University of Vermont",버몬트대학교 플레밍미술관,museum,44.4799091,-73.1971071,"Fleming Museum of Art, 61, Colchester Avenue, North Hill Section, Burlington, Chittenden County, Vermont, 05405, United States",40,,https://www.overseaschf.or.kr/archive/search/category.do?mode=list&cateType=INSTITUTION&cateId=USA049&pagerLimit=10,2026-10-08,https://www.openstreetmap.org/way/235380988,OpenStreetMap named institutional feature; approximate holder location
USA139,US,Claremont Colleges Library · McCormick Collection,클레어몬트대학도서관 맥코믹컬렉션,library,34.1021377,-117.7126533,"Honnold Library, 800, College Way, Claremont, Los Angeles County, California, 91711, United States",126,,https://www.overseaschf.or.kr/archive/search/category.do?mode=list&cateType=INSTITUTION&cateId=USA139&pagerLimit=10,2026-10-08,https://www.openstreetmap.org/way/378787887,OpenStreetMap named institutional feature; approximate holder location
USA108,US,Cleveland Museum of Art,클리블랜드미술관,museum,41.5090438,-81.6117367,"Cleveland Museum of Art, 11150, East Boulevard, Uptown, University Circle, Cleveland, Cuyahoga County, Ohio, 44114, United States",341,,https://www.overseaschf.or.kr/archive/search/category.do?mode=list&cateType=INSTITUTION&cateId=USA108&pagerLimit=10,2026-10-08,https://www.openstreetmap.org/way/109114109,OpenStreetMap named institutional feature; approximate holder location
USA143,US,"Hamilton Library, University of Hawaiʻi at Mānoa",하와이주립대학교 해밀턴도서관,library,21.3005724,-157.8161449,"Hamilton Library, 2550, McCarthy Mall, Lower Mānoa, Mānoa, East Honolulu, Honolulu, Honolulu County, Hawaii, 96822, United States",329,,https://www.overseaschf.or.kr/archive/search/category.do?mode=list&cateType=INSTITUTION&cateId=USA143&pagerLimit=10,2026-10-08,https://www.openstreetmap.org/way/31810981,OpenStreetMap named institutional feature; approximate holder location
JPN035,JP,Waseda University Library,와세다대학도서관,library,35.7109327,139.7179988,"早稲田大学 中央図書館, 西早稲田, 新宿区, 東京都, 169-8050, 日本",482,,https://www.overseaschf.or.kr/archive/search/category.do?mode=list&cateType=INSTITUTION&cateId=JPN035&pagerLimit=10,2026-10-08,https://www.openstreetmap.org/way/120266726,OpenStreetMap named institutional feature; approximate holder location
JPN012,JP,Japan Folk Crafts Museum,일본민예관,museum,35.6608154,139.6793079,"日本民藝館, 33, 駒場四丁目, 駒場, 目黒区, 東京都, 153-0041, 日本",1630,,https://www.overseaschf.or.kr/archive/search/category.do?mode=list&cateType=INSTITUTION&cateId=JPN012&pagerLimit=10,2026-10-08,https://www.openstreetmap.org/way/133340564,OpenStreetMap named institutional feature; approximate holder location
CHN050,CN,Shanghai Library,상하이도서관,library,31.2100122,121.4396546,"上海图书馆, 淮海中路, 枫林桥, 湖南路街道, 徐汇区, 上海市, 200031, 中国",193,,https://www.overseaschf.or.kr/archive/search/category.do?mode=list&cateType=INSTITUTION&cateId=CHN050&pagerLimit=10,2026-10-08,https://www.openstreetmap.org/node/5306444960,OpenStreetMap named institutional feature; approximate holder location
CHN049,CN,Fudan University Library,푸단대학도서관,library,,,,65,,https://www.overseaschf.or.kr/archive/search/category.do?mode=list&cateType=INSTITUTION&cateId=CHN049&pagerLimit=10,2026-10-08,,Location pending verification
CAN005,CA,Royal Ontario Museum,로열온타리오박물관,museum,43.6676565,-79.3946988,"Royal Ontario Museum, 100, Queen's Park, University, Downtown, Toronto, Ontario, M5S 2C6, Canada",1228,,https://www.overseaschf.or.kr/archive/search/category.do?mode=list&cateType=INSTITUTION&cateId=CAN005&pagerLimit=10,2026-10-08,https://www.openstreetmap.org/way/4942687,OpenStreetMap named institutional feature; approximate holder location
