code,name,nameKo,totalItems,totalHolders,statisticsDate,source
JP,Japan,일본,110611,388,2026-01-01,https://www.overseaschf.or.kr/okchf/status/US_CS_FS_viw.do
US,United States,미국,68961,175,2026-01-01,https://www.overseaschf.or.kr/okchf/status/US_CS_FS_viw.do
DE,Germany,독일,16082,27,2026-01-01,https://www.overseaschf.or.kr/okchf/status/US_CS_FS_viw.do
GB,United Kingdom,영국,15417,32,2026-01-01,https://www.overseaschf.or.kr/okchf/status/US_CS_FS_viw.do
CN,China,중국,14226,76,2026-01-01,https://www.overseaschf.or.kr/okchf/status/US_CS_FS_viw.do
FR,France,프랑스,6410,11,2026-01-01,https://www.overseaschf.or.kr/okchf/status/US_CS_FS_viw.do
RU,Russia,러시아,5395,7,2026-01-01,https://www.overseaschf.or.kr/okchf/status/US_CS_FS_viw.do
CA,Canada,캐나다,4322,9,2026-01-01,https://www.overseaschf.or.kr/okchf/status/US_CS_FS_viw.do
TW,Taiwan,대만,3074,10,2026-01-01,https://www.overseaschf.or.kr/okchf/status/US_CS_FS_viw.do
SE,Sweden,스웨덴,2491,9,2026-01-01,https://www.overseaschf.or.kr/okchf/status/US_CS_FS_viw.do
NL,Netherlands,네덜란드,1973,6,2026-01-01,https://www.overseaschf.or.kr/okchf/status/US_CS_FS_viw.do
AT,Austria,오스트리아,1790,5,2026-01-01,https://www.overseaschf.or.kr/okchf/status/US_CS_FS_viw.do
DK,Denmark,덴마크,1490,2,2026-01-01,https://www.overseaschf.or.kr/okchf/status/US_CS_FS_viw.do
KZ,Kazakhstan,카자흐스탄,1024,1,2026-01-01,https://www.overseaschf.or.kr/okchf/status/US_CS_FS_viw.do
CH,Switzerland,스위스,695,11,2026-01-01,https://www.overseaschf.or.kr/okchf/status/US_CS_FS_viw.do
AU,Australia,호주,547,7,2026-01-01,https://www.overseaschf.or.kr/okchf/status/US_CS_FS_viw.do
BE,Belgium,벨기에,402,4,2026-01-01,https://www.overseaschf.or.kr/okchf/status/US_CS_FS_viw.do
HU,Hungary,헝가리,353,2,2026-01-01,https://www.overseaschf.or.kr/okchf/status/US_CS_FS_viw.do
PL,Poland,폴란드,302,4,2026-01-01,https://www.overseaschf.or.kr/okchf/status/US_CS_FS_viw.do
VA,Vatican City,바티칸,298,1,2026-01-01,https://www.overseaschf.or.kr/okchf/status/US_CS_FS_viw.do
ES,Spain,스페인,96,2,2026-01-01,https://www.overseaschf.or.kr/okchf/status/US_CS_FS_viw.do
NO,Norway,노르웨이,82,2,2026-01-01,https://www.overseaschf.or.kr/okchf/status/US_CS_FS_viw.do
IT,Italy,이탈리아,70,3,2026-01-01,https://www.overseaschf.or.kr/okchf/status/US_CS_FS_viw.do
NZ,New Zealand,뉴질랜드,36,2,2026-01-01,https://www.overseaschf.or.kr/okchf/status/US_CS_FS_viw.do
GR,Greece,그리스,32,1,2026-01-01,https://www.overseaschf.or.kr/okchf/status/US_CS_FS_viw.do
CZ,Czechia,체코,7,1,2026-01-01,https://www.overseaschf.or.kr/okchf/status/US_CS_FS_viw.do
SI,Slovenia,슬로베니아,2,1,2026-01-01,https://www.overseaschf.or.kr/okchf/status/US_CS_FS_viw.do
SG,Singapore,싱가포르,1,1,2026-01-01,https://www.overseaschf.or.kr/okchf/status/US_CS_FS_viw.do
IL,Israel,이스라엘,1,1,2026-01-01,https://www.overseaschf.or.kr/okchf/status/US_CS_FS_viw.do
